{
  "fs": 8000,
  "id": "short",
  "samples": [
    -4.6566129e-10,
    4.6566129e-10,
    -4.6566129e-10,
    4.6566129e-10,
    -4.6566129e-10,
    9.3132257e-10,
    -9.3132257e-10,
    9.3132257e-10,
    -1.3969839e-09,
    1.3969839e-09,
    -1.3969839e-09,
    1.8626451e-09,
    -1.8626451e-09,
    2.3283064e-09,
    -5.1222742e-09,
    -9.5460564e-08,
    -9.406358e-08,
    -5.6345016e-08,
    -4.5634806e-08,
    -1.5366822e-08,
    -9.778887e-09,
    1.5832484e-08,
    1.3969839e-08,
    3.6787242e-08,
    2.514571e-08,
    5.4482371e-08,
    -1.2572855e-08,
    -1.0337681e-07,
    -5.5879354e-08,
    -3.7252903e-08,
    -1.0244548e-08,
    4.1909516e-09,
    2.2351742e-08,
    2.9802322e-08,
    4.33065e-08,
    4.3772161e-08,
    5.4948032e-08,
    4.7963113e-08,
    5.9604645e-08,
    4.4703484e-08,
    6.1001629e-08,
    3.3061951e-08,
    6.8917871e-08,
    -3.9115548e-08,
    -2.1280721e-07,
    -1.7229468e-07,
    -1.504086e-07,
    -7.1246177e-08,
    -4.5634806e-08,
    -5.4948032e-08,
    2.7939677e-09,
    1.4901161e-08,
    2.7939677e-08,
    5.5413693e-08,
    -9.3132257e-09,
    -7.21775e-08,
    -7.0314854e-08,
    -5.4482371e-08,
    -5.1222742e-08,
    -3.1664968e-08,
    -1.816079e-08,
    4.88944
  ]
}
